{"cameraMode":{"drawMode":0,"name":"Shaded","section":"Shading Mode"},"sceneLighting":true,"audioPlay":false,"sceneViewState":{"showFog":true,"showMaterialUpdate":false,"showSkybox":true,"showFlares":true,"showImageEffects":true,"showParticleSystems":true},"in2DMode":false,"pivot":{"x":91.7128677368164,"y":-12.868789672851563,"z":-144.74949645996095},"rotation":{"x":0.5912796854972839,"y":-0.005149947479367256,"z":-0.00005936335219303146,"w":0.8068645000457764},"size":46.3847770690918,"orthographic":false}