{"cameraMode":{"drawMode":0,"name":"Shaded","section":"Shading Mode"},"sceneLighting":false,"audioPlay":false,"sceneViewState":{"showFog":true,"showMaterialUpdate":false,"showSkybox":false,"showFlares":true,"showImageEffects":true,"showParticleSystems":true},"in2DMode":false,"pivot":{"x":27.115802764892579,"y":2.5218188762664797,"z":-12.024036407470704},"rotation":{"x":0.07179052382707596,"y":0.16531194746494294,"z":-0.012332459911704064,"w":0.9837152361869812},"size":2.6733744144439699,"orthographic":false}