{"cameraMode":{"drawMode":0,"name":"Shaded","section":"Shading Mode"},"sceneLighting":true,"audioPlay":false,"sceneViewState":{"showFog":true,"showMaterialUpdate":false,"showSkybox":true,"showFlares":true,"showImageEffects":true,"showParticleSystems":true},"in2DMode":false,"pivot":{"x":224.42794799804688,"y":-0.870147705078125,"z":-161.27175903320313},"rotation":{"x":-0.6557852625846863,"y":0.009058846160769463,"z":-0.0035805723164230587,"w":-0.7554042935371399},"size":51.6999626159668,"orthographic":false}