{"cameraMode":{"drawMode":0,"name":"Shaded","section":"Shading Mode"},"sceneLighting":false,"audioPlay":false,"sceneViewState":{"showFog":true,"showMaterialUpdate":false,"showSkybox":false,"showFlares":true,"showImageEffects":true,"showParticleSystems":true},"in2DMode":false,"pivot":{"x":2.184311628341675,"y":2.676196813583374,"z":0.04930543899536133},"rotation":{"x":0.07423646748065949,"y":0.04483942314982414,"z":-0.0038799969479441644,"w":0.996357798576355},"size":1.6349828243255616,"orthographic":false}