{"cameraMode":{"drawMode":0,"name":"Shaded","section":"Shading Mode"},"sceneLighting":true,"audioPlay":false,"sceneViewState":{"showFog":true,"showMaterialUpdate":false,"showSkybox":true,"showFlares":true,"showImageEffects":true,"showParticleSystems":true},"in2DMode":false,"pivot":{"x":52.2696533203125,"y":0.02594757080078125,"z":-36.82939529418945},"rotation":{"x":-0.6396412253379822,"y":0.011292274110019207,"z":-0.008413451723754406,"w":-0.7688690423965454},"size":12.342046737670899,"orthographic":false}