{"cameraMode":{"drawMode":0,"name":"Shaded","section":"Shading Mode"},"sceneLighting":false,"audioPlay":false,"sceneViewState":{"showFog":true,"showMaterialUpdate":false,"showSkybox":false,"showFlares":true,"showImageEffects":true,"showParticleSystems":true},"in2DMode":false,"pivot":{"x":59.13099670410156,"y":1.7599999904632569,"z":-60.4900016784668},"rotation":{"x":0.4707215428352356,"y":0.035696689039468768,"z":-0.019150786101818086,"w":0.8814560174942017},"size":3.0857574939727785,"orthographic":false}