{"cameraMode":{"drawMode":0,"name":"Shaded","section":"Shading Mode"},"sceneLighting":true,"audioPlay":false,"sceneViewState":{"showFog":true,"showMaterialUpdate":false,"showSkybox":false,"showFlares":true,"showImageEffects":true,"showParticleSystems":true},"in2DMode":false,"pivot":{"x":-0.0000019445760699454697,"y":3.529197931289673,"z":-0.0009546154760755599},"rotation":{"x":0.14579910039901734,"y":-0.41874706745147707,"z":0.06762385368347168,"w":0.893913209438324},"size":0.9941539168357849,"orthographic":false}