{"cameraMode":{"drawMode":0,"name":"Shaded","section":"Shading Mode"},"sceneLighting":true,"audioPlay":false,"sceneViewState":{"showFog":true,"showMaterialUpdate":false,"showSkybox":true,"showFlares":true,"showImageEffects":true,"showParticleSystems":true},"in2DMode":false,"pivot":{"x":106.64642333984375,"y":-3.1129531860351564,"z":-54.505775451660159},"rotation":{"x":-0.3525891900062561,"y":-0.237548828125,"z":0.09027061611413956,"w":-0.901195764541626},"size":45.95248031616211,"orthographic":false}