{"cameraMode":{"drawMode":0,"name":"Shaded","section":"Shading Mode"},"sceneLighting":true,"audioPlay":false,"sceneViewState":{"showFog":true,"showMaterialUpdate":false,"showSkybox":true,"showFlares":true,"showImageEffects":true,"showParticleSystems":true},"in2DMode":false,"pivot":{"x":-26.833139419555665,"y":27.99724578857422,"z":-55.10575485229492},"rotation":{"x":-0.32117530703544619,"y":-0.23507308959960938,"z":0.08887556940317154,"w":-0.914290726184845},"size":1.3546679019927979,"orthographic":false}