{"cameraMode":{"drawMode":0,"name":"Shaded","section":"Shading Mode"},"sceneLighting":true,"audioPlay":false,"sceneViewState":{"showFog":true,"showMaterialUpdate":false,"showSkybox":true,"showFlares":true,"showImageEffects":true,"showParticleSystems":true},"in2DMode":false,"pivot":{"x":2.687720537185669,"y":-77.08511352539063,"z":-115.11024475097656},"rotation":{"x":0.00022305294987745583,"y":-0.9748696684837341,"z":0.2234412580728531,"w":0.002095767529681325},"size":98.59969329833985,"orthographic":false}