{"cameraMode":{"drawMode":0,"name":"Shaded","section":"Shading Mode"},"sceneLighting":false,"audioPlay":false,"sceneViewState":{"showFog":true,"showMaterialUpdate":false,"showSkybox":false,"showFlares":true,"showImageEffects":true,"showParticleSystems":true},"in2DMode":false,"pivot":{"x":24.63324546813965,"y":-7.580092430114746,"z":-7.04528284072876},"rotation":{"x":0.18050013482570649,"y":0.7821252942085266,"z":-0.25428929924964907,"w":0.5411632657051086},"size":11.700345993041993,"orthographic":false}