{"cameraMode":{"drawMode":0,"name":"Shaded","section":"Shading Mode"},"sceneLighting":false,"audioPlay":false,"sceneViewState":{"showFog":true,"showMaterialUpdate":false,"showSkybox":false,"showFlares":true,"showImageEffects":true,"showParticleSystems":true},"in2DMode":false,"pivot":{"x":62.31999588012695,"y":0.8985735177993774,"z":-75.43937683105469},"rotation":{"x":-0.5801473259925842,"y":0.00619501480832696,"z":-0.006212298758327961,"w":-0.8155650496482849},"size":2.6193056106567385,"orthographic":false}