{"cameraMode":{"drawMode":0,"name":"Shaded","section":"Shading Mode"},"sceneLighting":false,"audioPlay":false,"sceneViewState":{"showFog":true,"showMaterialUpdate":false,"showSkybox":false,"showFlares":true,"showImageEffects":true,"showParticleSystems":true},"in2DMode":false,"pivot":{"x":54.80612564086914,"y":-3.972322940826416,"z":-11.56734848022461},"rotation":{"x":0.04579266905784607,"y":-0.9542095065116882,"z":0.20969043672084809,"w":0.20848746597766877},"size":14.28300952911377,"orthographic":false}