{"cameraMode":{"drawMode":0,"name":"Shaded","section":"Shading Mode"},"sceneLighting":false,"audioPlay":false,"sceneViewState":{"showFog":true,"showMaterialUpdate":false,"showSkybox":false,"showFlares":true,"showImageEffects":true,"showParticleSystems":true},"in2DMode":false,"pivot":{"x":0.004875779151916504,"y":0.7167449593544006,"z":0.009655654430389405},"rotation":{"x":0.40901699662208559,"y":0.5789260864257813,"z":-0.41508281230926516,"w":0.5722408890724182},"size":0.9703890681266785,"orthographic":false}