{"cameraMode":{"drawMode":0,"name":"Shaded","section":"Shading Mode"},"sceneLighting":false,"audioPlay":false,"sceneViewState":{"showFog":true,"showMaterialUpdate":false,"showSkybox":false,"showFlares":true,"showImageEffects":true,"showParticleSystems":true},"in2DMode":false,"pivot":{"x":50.400001525878909,"y":0.940000057220459,"z":5.5},"rotation":{"x":-0.06617550551891327,"y":-0.9063884615898132,"z":-0.14689895510673524,"w":0.3922833204269409},"size":0.8660253882408142,"orthographic":false}