{"cameraMode":{"drawMode":0,"name":"Shaded","section":"Shading Mode"},"sceneLighting":true,"audioPlay":false,"sceneViewState":{"showFog":true,"showMaterialUpdate":false,"showSkybox":true,"showFlares":true,"showImageEffects":true,"showParticleSystems":true},"in2DMode":false,"pivot":{"x":14.102144241333008,"y":-19.610734939575197,"z":-267.82330322265627},"rotation":{"x":0.3446429967880249,"y":0.2051357626914978,"z":-0.07582079619169235,"w":0.9138873219490051},"size":26.956066131591798,"orthographic":false}