{"cameraMode":{"drawMode":0,"name":"Shaded","section":"Shading Mode"},"sceneLighting":false,"audioPlay":false,"sceneViewState":{"showFog":true,"showMaterialUpdate":false,"showSkybox":false,"showFlares":true,"showImageEffects":true,"showParticleSystems":true},"in2DMode":false,"pivot":{"x":26.6024169921875,"y":-6.674551486968994,"z":-36.33012771606445},"rotation":{"x":0.07305805385112763,"y":-0.9248824119567871,"z":0.29403895139694216,"w":0.22988222539424897},"size":14.283013343811036,"orthographic":false}