{"cameraMode":{"drawMode":0,"name":"Shaded","section":"Shading Mode"},"sceneLighting":false,"audioPlay":false,"sceneViewState":{"showFog":true,"showMaterialUpdate":false,"showSkybox":false,"showFlares":true,"showImageEffects":true,"showParticleSystems":true},"in2DMode":false,"pivot":{"x":-22.259063720703126,"y":-77.86723327636719,"z":86.51304626464844},"rotation":{"x":-0.38322439789772036,"y":-0.0119179030880332,"z":0.004945606458932161,"w":-0.9235899448394775},"size":14.282856941223145,"orthographic":false}