{"cameraMode":{"drawMode":0,"name":"Shaded","section":"Shading Mode"},"sceneLighting":false,"audioPlay":false,"sceneViewState":{"showFog":true,"showMaterialUpdate":false,"showSkybox":false,"showFlares":true,"showImageEffects":true,"showParticleSystems":true},"in2DMode":false,"pivot":{"x":5.4046711921691898,"y":0.8938692808151245,"z":56.63885498046875},"rotation":{"x":0.1345939040184021,"y":0.8239639401435852,"z":-0.21391057968139649,"w":0.5085780024528503},"size":1.837117314338684,"orthographic":false}