{"cameraMode":{"drawMode":0,"name":"Shaded","section":"Shading Mode"},"sceneLighting":false,"audioPlay":false,"sceneViewState":{"showFog":true,"showMaterialUpdate":false,"showSkybox":false,"showFlares":true,"showImageEffects":true,"showParticleSystems":true},"in2DMode":false,"pivot":{"x":5.1959614753723148,"y":0.506411612033844,"z":3.804607391357422},"rotation":{"x":-0.39175188541412356,"y":0.07689230889081955,"z":-0.0358663909137249,"w":-0.9174056053161621},"size":1.2247449159622193,"orthographic":false}