{"cameraMode":{"drawMode":0,"name":"Shaded","section":"Shading Mode"},"sceneLighting":true,"audioPlay":false,"sceneViewState":{"showFog":true,"showMaterialUpdate":false,"showSkybox":true,"showFlares":true,"showImageEffects":true,"showParticleSystems":true},"in2DMode":false,"pivot":{"x":90.30683898925781,"y":-81.4895248413086,"z":-117.8154525756836},"rotation":{"x":-0.5187088847160339,"y":-0.02910858578979969,"z":0.014063228853046894,"w":-0.8557671308517456},"size":60.33837127685547,"orthographic":false}