{"cameraMode":{"drawMode":0,"name":"Shaded","section":"Shading Mode"},"sceneLighting":false,"audioPlay":false,"sceneViewState":{"showFog":true,"showMaterialUpdate":false,"showSkybox":false,"showFlares":true,"showImageEffects":true,"showParticleSystems":true},"in2DMode":false,"pivot":{"x":3.305577278137207,"y":0.6768226623535156,"z":55.10037612915039},"rotation":{"x":0.03835391253232956,"y":0.951273500919342,"z":-0.2833954095840454,"w":0.12139254808425904},"size":1.837117314338684,"orthographic":false}