{"cameraMode":{"drawMode":0,"name":"Shaded","section":"Shading Mode"},"sceneLighting":false,"audioPlay":false,"sceneViewState":{"showFog":true,"showMaterialUpdate":false,"showSkybox":false,"showFlares":true,"showImageEffects":true,"showParticleSystems":true},"in2DMode":false,"pivot":{"x":93.48269653320313,"y":0.9338974356651306,"z":-159.94500732421876},"rotation":{"x":0.5774194002151489,"y":-0.032581381499767306,"z":0.02220010571181774,"w":0.8168432116508484},"size":1.5948346853256226,"orthographic":false}