{"cameraMode":{"drawMode":0,"name":"Shaded","section":"Shading Mode"},"sceneLighting":false,"audioPlay":false,"sceneViewState":{"showFog":true,"showMaterialUpdate":false,"showSkybox":false,"showFlares":true,"showImageEffects":true,"showParticleSystems":true},"in2DMode":false,"pivot":{"x":0.0046953558921813969,"y":0.4692703187465668,"z":-0.002765059471130371},"rotation":{"x":-0.3888266086578369,"y":-0.1937592774629593,"z":0.0821898877620697,"w":-0.8979474902153015},"size":0.9666910767555237,"orthographic":false}