{"cameraMode":{"drawMode":0,"name":"Shaded","section":"Shading Mode"},"sceneLighting":false,"audioPlay":false,"sceneViewState":{"showFog":true,"showMaterialUpdate":false,"showSkybox":false,"showFlares":true,"showImageEffects":true,"showParticleSystems":true},"in2DMode":false,"pivot":{"x":-0.050715625286102298,"y":0.5280840992927551,"z":-0.0001944899559020996},"rotation":{"x":0.5542038083076477,"y":0.015551860444247723,"z":-0.011163775809109211,"w":0.8334823250770569},"size":1.233352780342102,"orthographic":false}