{"cameraMode":{"drawMode":0,"name":"Shaded","section":"Shading Mode"},"sceneLighting":false,"audioPlay":false,"sceneViewState":{"showFog":true,"showMaterialUpdate":false,"showSkybox":false,"showFlares":true,"showImageEffects":true,"showParticleSystems":true},"in2DMode":false,"pivot":{"x":29.645971298217775,"y":-3.510270357131958,"z":-5.0817179679870609},"rotation":{"x":0.0772755816578865,"y":0.9220958352088928,"z":-0.24955900013446809,"w":0.28554272651672366},"size":14.28300952911377,"orthographic":false}