{"cameraMode":{"drawMode":0,"name":"Shaded","section":"Shading Mode"},"sceneLighting":false,"audioPlay":false,"sceneViewState":{"showFog":true,"showMaterialUpdate":false,"showSkybox":false,"showFlares":true,"showImageEffects":true,"showParticleSystems":true},"in2DMode":false,"pivot":{"x":7.740936279296875,"y":-77.86723327636719,"z":116.51304626464844},"rotation":{"x":-0.39146026968955996,"y":-0.020154017955064775,"z":0.008574300445616246,"w":-0.9199601411819458},"size":14.282856941223145,"orthographic":false}