{"cameraMode":{"drawMode":0,"name":"Shaded","section":"Shading Mode"},"sceneLighting":true,"audioPlay":false,"sceneViewState":{"showFog":true,"showMaterialUpdate":false,"showSkybox":true,"showFlares":true,"showImageEffects":true,"showParticleSystems":true},"in2DMode":false,"pivot":{"x":192.22781372070313,"y":33.498626708984378,"z":-43.96702194213867},"rotation":{"x":-0.5276880860328674,"y":-0.0030976501293480398,"z":-0.0013199569657444955,"w":-0.8504998683929443},"size":6.6247639656066898,"orthographic":false}