{"cameraMode":{"drawMode":0,"name":"Shaded","section":"Shading Mode"},"sceneLighting":false,"audioPlay":false,"sceneViewState":{"showFog":true,"showMaterialUpdate":false,"showSkybox":false,"showFlares":true,"showImageEffects":true,"showParticleSystems":true},"in2DMode":false,"pivot":{"x":59.13099670410156,"y":1.7599999904632569,"z":-60.4900016784668},"rotation":{"x":-0.5801634192466736,"y":0.0037483046762645246,"z":-0.00447181798517704,"w":-0.8155799508094788},"size":3.0857574939727785,"orthographic":false}