{"cameraMode":{"drawMode":0,"name":"Shaded","section":"Shading Mode"},"sceneLighting":false,"audioPlay":false,"sceneViewState":{"showFog":true,"showMaterialUpdate":false,"showSkybox":false,"showFlares":true,"showImageEffects":true,"showParticleSystems":true},"in2DMode":false,"pivot":{"x":-16.44993782043457,"y":-93.0011978149414,"z":84.98077392578125},"rotation":{"x":-0.19280511140823365,"y":0.6773099899291992,"z":-0.19096335768699647,"w":-0.6838467717170715},"size":24.24871063232422,"orthographic":false}