{"cameraMode":{"drawMode":0,"name":"Shaded","section":"Shading Mode"},"sceneLighting":false,"audioPlay":false,"sceneViewState":{"showFog":true,"showMaterialUpdate":false,"showSkybox":false,"showFlares":true,"showImageEffects":true,"showParticleSystems":true},"in2DMode":false,"pivot":{"x":10.78152084350586,"y":1.9646337032318116,"z":0.5675544142723084},"rotation":{"x":-0.02848021686077118,"y":0.9134246110916138,"z":-0.4018394351005554,"w":-0.06931557506322861},"size":1.837117314338684,"orthographic":false}