{"cameraMode":{"drawMode":0,"name":"Shaded","section":"Shading Mode"},"sceneLighting":true,"audioPlay":false,"sceneViewState":{"showFog":true,"showMaterialUpdate":false,"showSkybox":true,"showFlares":true,"showImageEffects":true,"showParticleSystems":true},"in2DMode":false,"pivot":{"x":80.65214538574219,"y":-129.42044067382813,"z":42.99103927612305},"rotation":{"x":0.5098825097084045,"y":0.056045882403850558,"z":-0.032812219113111499,"w":0.8587079048156738},"size":86.6025390625,"orthographic":false}