{"cameraMode":{"drawMode":0,"name":"Shaded","section":"Shading Mode"},"sceneLighting":false,"audioPlay":false,"sceneViewState":{"showFog":true,"showMaterialUpdate":false,"showSkybox":false,"showFlares":true,"showImageEffects":true,"showParticleSystems":true},"in2DMode":false,"pivot":{"x":-50.17787551879883,"y":-77.04987335205078,"z":119.5841064453125},"rotation":{"x":-0.2612021863460541,"y":-0.22280475497245789,"z":0.06209184601902962,"w":-0.9371862411499023},"size":14.282856941223145,"orthographic":false}