{"cameraMode":{"drawMode":0,"name":"Shaded","section":"Shading Mode"},"sceneLighting":false,"audioPlay":false,"sceneViewState":{"showFog":true,"showMaterialUpdate":false,"showSkybox":false,"showFlares":true,"showImageEffects":true,"showParticleSystems":true},"in2DMode":false,"pivot":{"x":57.94062805175781,"y":0.843999981880188,"z":-58.119998931884769},"rotation":{"x":-0.5801634192466736,"y":0.0037483046762645246,"z":-0.00447181798517704,"w":-0.8155799508094788},"size":2.0562918186187746,"orthographic":false}