{"cameraMode":{"drawMode":0,"name":"Shaded","section":"Shading Mode"},"sceneLighting":true,"audioPlay":false,"sceneViewState":{"showFog":true,"showMaterialUpdate":false,"showSkybox":true,"showFlares":true,"showImageEffects":true,"showParticleSystems":true},"in2DMode":false,"pivot":{"x":6.135249137878418,"y":16.900020599365236,"z":-12.599108695983887},"rotation":{"x":0.25111764669418337,"y":0.4380560517311096,"z":-0.12451018393039704,"w":0.8552006483078003},"size":4.276694297790527,"orthographic":false}