{"cameraMode":{"drawMode":0,"name":"Shaded","section":"Shading Mode"},"sceneLighting":true,"audioPlay":false,"sceneViewState":{"showFog":true,"showMaterialUpdate":false,"showSkybox":true,"showFlares":true,"showImageEffects":true,"showParticleSystems":true},"in2DMode":false,"pivot":{"x":-35.1422004699707,"y":62.435791015625,"z":-53.67298889160156},"rotation":{"x":0.49185165762901308,"y":0.0883018746972084,"z":-0.047442469745874408,"w":0.8659515380859375},"size":2.9737708568573,"orthographic":false}