{"cameraMode":{"drawMode":0,"name":"Shaded","section":"Shading Mode"},"sceneLighting":false,"audioPlay":false,"sceneViewState":{"showFog":true,"showMaterialUpdate":false,"showSkybox":false,"showFlares":true,"showImageEffects":true,"showParticleSystems":true},"in2DMode":false,"pivot":{"x":37.740936279296878,"y":-77.86723327636719,"z":86.51304626464844},"rotation":{"x":-0.3200562000274658,"y":-0.012226231396198273,"z":0.00412518996745348,"w":-0.9473328590393066},"size":14.282856941223145,"orthographic":false}