{"cameraMode":{"drawMode":0,"name":"Shaded","section":"Shading Mode"},"sceneLighting":false,"audioPlay":false,"sceneViewState":{"showFog":true,"showMaterialUpdate":false,"showSkybox":false,"showFlares":true,"showImageEffects":true,"showParticleSystems":true},"in2DMode":false,"pivot":{"x":-16.308513641357423,"y":14.857176780700684,"z":-8.200411796569825},"rotation":{"x":-0.2543103098869324,"y":-0.460420697927475,"z":0.13955740630626679,"w":-0.8389939665794373},"size":14.142135620117188,"orthographic":false}