{"cameraMode":{"drawMode":0,"name":"Shaded","section":"Shading Mode"},"sceneLighting":false,"audioPlay":false,"sceneViewState":{"showFog":true,"showMaterialUpdate":false,"showSkybox":false,"showFlares":true,"showImageEffects":true,"showParticleSystems":true},"in2DMode":false,"pivot":{"x":9.3183012008667,"y":-63.786800384521487,"z":103.19110870361328},"rotation":{"x":-0.04716851934790611,"y":0.9396533370018005,"z":-0.3065076470375061,"w":-0.14461204409599305},"size":7.141428470611572,"orthographic":false}