{"cameraMode":{"drawMode":0,"name":"Shaded","section":"Shading Mode"},"sceneLighting":false,"audioPlay":false,"sceneViewState":{"showFog":true,"showMaterialUpdate":false,"showSkybox":false,"showFlares":true,"showImageEffects":true,"showParticleSystems":true},"in2DMode":false,"pivot":{"x":-52.259063720703128,"y":-77.86723327636719,"z":116.51304626464844},"rotation":{"x":-0.31271934509277346,"y":-0.03789132833480835,"z":0.012480305507779122,"w":-0.9490295052528381},"size":14.282856941223145,"orthographic":false}