{"cameraMode":{"drawMode":0,"name":"Shaded","section":"Shading Mode"},"sceneLighting":true,"audioPlay":false,"sceneViewState":{"showFog":true,"showMaterialUpdate":false,"showSkybox":true,"showFlares":true,"showImageEffects":true,"showParticleSystems":true},"in2DMode":false,"pivot":{"x":259.2080993652344,"y":27.916908264160158,"z":-171.28228759765626},"rotation":{"x":0.4830811023712158,"y":0.03539712354540825,"z":-0.025248458608984948,"w":0.8757372498512268},"size":4.357429504394531,"orthographic":false}