{"cameraMode":{"drawMode":0,"name":"Shaded","section":"Shading Mode"},"sceneLighting":true,"audioPlay":false,"sceneViewState":{"showFog":true,"showMaterialUpdate":false,"showSkybox":true,"showFlares":true,"showImageEffects":true,"showParticleSystems":true},"in2DMode":false,"pivot":{"x":259.2609558105469,"y":38.92856216430664,"z":-188.7292938232422},"rotation":{"x":0.4313662350177765,"y":0.021733686327934266,"z":-0.016408421099185945,"w":0.9029739499092102},"size":4.357429504394531,"orthographic":false}