{"cameraMode":{"drawMode":0,"name":"Shaded","section":"Shading Mode"},"sceneLighting":true,"audioPlay":false,"sceneViewState":{"showFog":true,"showMaterialUpdate":false,"showSkybox":true,"showFlares":true,"showImageEffects":true,"showParticleSystems":true},"in2DMode":false,"pivot":{"x":189.7550048828125,"y":41.318599700927737,"z":-177.82135009765626},"rotation":{"x":0.532890796661377,"y":0.008866182528436184,"z":-0.002567179035395384,"w":0.8474546670913696},"size":2.2962992191314699,"orthographic":false}