{"cameraMode":{"drawMode":0,"name":"Shaded","section":"Shading Mode"},"sceneLighting":false,"audioPlay":false,"sceneViewState":{"showFog":true,"showMaterialUpdate":false,"showSkybox":false,"showFlares":true,"showImageEffects":true,"showParticleSystems":true},"in2DMode":false,"pivot":{"x":2.154920816421509,"y":3.673374652862549,"z":57.0706787109375},"rotation":{"x":0.022309768944978715,"y":0.8319282531738281,"z":-0.5549056529998779,"w":0.030298491939902307},"size":1.837117314338684,"orthographic":false}