{"cameraMode":{"drawMode":0,"name":"Shaded","section":"Shading Mode"},"sceneLighting":true,"audioPlay":false,"sceneViewState":{"showFog":true,"showMaterialUpdate":false,"showSkybox":true,"showFlares":true,"showImageEffects":true,"showParticleSystems":true},"in2DMode":false,"pivot":{"x":31.707969665527345,"y":4.449100494384766,"z":-12.369696617126465},"rotation":{"x":0.44126853346824648,"y":-0.06328155845403671,"z":0.03147410228848457,"w":0.8956065773963928},"size":10.0,"orthographic":false}