{"cameraMode":{"drawMode":0,"name":"Shaded","section":"Shading Mode"},"sceneLighting":false,"audioPlay":false,"sceneViewState":{"showFog":true,"showMaterialUpdate":false,"showSkybox":false,"showFlares":true,"showImageEffects":true,"showParticleSystems":true},"in2DMode":false,"pivot":{"x":47.537906646728519,"y":-13.157923698425293,"z":-5.471860885620117},"rotation":{"x":0.14570221304893495,"y":0.8347793221473694,"z":-0.2640135586261749,"w":0.4607163369655609},"size":14.28300952911377,"orthographic":false}