{"cameraMode":{"drawMode":0,"name":"Shaded","section":"Shading Mode"},"sceneLighting":false,"audioPlay":false,"sceneViewState":{"showFog":true,"showMaterialUpdate":false,"showSkybox":false,"showFlares":true,"showImageEffects":true,"showParticleSystems":true},"in2DMode":false,"pivot":{"x":-0.463744193315506,"y":1.0528759956359864,"z":-0.18236948549747468},"rotation":{"x":-0.025981931015849115,"y":-0.959896445274353,"z":0.2689168155193329,"w":-0.0860404521226883},"size":1.2432501316070557,"orthographic":false}