{"cameraMode":{"drawMode":0,"name":"Shaded","section":"Shading Mode"},"sceneLighting":false,"audioPlay":false,"sceneViewState":{"showFog":true,"showMaterialUpdate":false,"showSkybox":false,"showFlares":true,"showImageEffects":true,"showParticleSystems":true},"in2DMode":false,"pivot":{"x":8.000868797302246,"y":7.805309295654297,"z":53.0045280456543},"rotation":{"x":0.6506173610687256,"y":0.004892117343842983,"z":-0.0039786407724022869,"w":0.7595380544662476},"size":2.9757370948791506,"orthographic":false}