{"cameraMode":{"drawMode":0,"name":"Shaded","section":"Shading Mode"},"sceneLighting":false,"audioPlay":false,"sceneViewState":{"showFog":true,"showMaterialUpdate":false,"showSkybox":false,"showFlares":true,"showImageEffects":true,"showParticleSystems":true},"in2DMode":false,"pivot":{"x":14.640621185302735,"y":0.10000002384185791,"z":-3.774134397506714},"rotation":{"x":0.3644649088382721,"y":0.14290200173854829,"z":-0.053037043660879138,"w":0.9196476340293884},"size":2.881093740463257,"orthographic":false}