{"cameraMode":{"drawMode":0,"name":"Shaded","section":"Shading Mode"},"sceneLighting":true,"audioPlay":false,"sceneViewState":{"showFog":true,"showMaterialUpdate":false,"showSkybox":true,"showFlares":true,"showImageEffects":true,"showParticleSystems":true},"in2DMode":false,"pivot":{"x":17.79330062866211,"y":15.439050674438477,"z":-48.65207290649414},"rotation":{"x":-0.3982299864292145,"y":0.03498413786292076,"z":-0.015008238144218922,"w":-0.9167032837867737},"size":14.282856941223145,"orthographic":false}