{"cameraMode":{"drawMode":0,"name":"Shaded","section":"Shading Mode"},"sceneLighting":true,"audioPlay":false,"sceneViewState":{"showFog":true,"showMaterialUpdate":false,"showSkybox":true,"showFlares":true,"showImageEffects":true,"showParticleSystems":true},"in2DMode":false,"pivot":{"x":50.83399963378906,"y":39.439151763916019,"z":-51.43677520751953},"rotation":{"x":-0.48588284850120547,"y":0.009839029051363469,"z":-0.005130210425704718,"w":-0.8741449117660523},"size":14.282856941223145,"orthographic":false}