{"cameraMode":{"drawMode":0,"name":"Shaded","section":"Shading Mode"},"sceneLighting":true,"audioPlay":false,"sceneViewState":{"showFog":true,"showMaterialUpdate":false,"showSkybox":true,"showFlares":true,"showImageEffects":true,"showParticleSystems":true},"in2DMode":false,"pivot":{"x":159.5242462158203,"y":-6.392768859863281,"z":-114.48385620117188},"rotation":{"x":0.06704524159431458,"y":0.9310267567634583,"z":-0.22045443952083589,"w":0.2830830216407776},"size":16.055862426757814,"orthographic":false}