{"cameraMode":{"drawMode":0,"name":"Shaded","section":"Shading Mode"},"sceneLighting":true,"audioPlay":false,"sceneViewState":{"showFog":true,"showMaterialUpdate":false,"showSkybox":true,"showFlares":true,"showImageEffects":true,"showParticleSystems":true},"in2DMode":false,"pivot":{"x":31.290842056274415,"y":-2.116448402404785,"z":-64.92630004882813},"rotation":{"x":0.3431819975376129,"y":0.5630595088005066,"z":-0.2763926684856415,"w":0.6991569995880127},"size":39.360008239746097,"orthographic":false}