{"cameraMode":{"drawMode":0,"name":"Shaded","section":"Shading Mode"},"sceneLighting":true,"audioPlay":false,"sceneViewState":{"showFog":true,"showMaterialUpdate":false,"showSkybox":true,"showFlares":true,"showImageEffects":true,"showParticleSystems":true},"in2DMode":false,"pivot":{"x":61.271514892578128,"y":7.471089839935303,"z":-41.02625274658203},"rotation":{"x":0.048887185752391818,"y":0.6735396385192871,"z":-0.04472770541906357,"w":0.736176073551178},"size":14.41589069366455,"orthographic":false}