{"cameraMode":{"drawMode":0,"name":"Shaded","section":"Shading Mode"},"sceneLighting":false,"audioPlay":false,"sceneViewState":{"showFog":true,"showMaterialUpdate":false,"showSkybox":false,"showFlares":true,"showImageEffects":true,"showParticleSystems":true},"in2DMode":false,"pivot":{"x":0.0,"y":1.7394981384277344,"z":49.84557342529297},"rotation":{"x":0.048887185752391818,"y":0.6735396385192871,"z":-0.04472770541906357,"w":0.736176073551178},"size":5.973772048950195,"orthographic":false}