{"cameraMode":{"drawMode":0,"name":"Shaded","section":"Shading Mode"},"sceneLighting":true,"audioPlay":false,"sceneViewState":{"showFog":true,"showMaterialUpdate":false,"showSkybox":true,"showFlares":true,"showImageEffects":true,"showParticleSystems":true},"in2DMode":false,"pivot":{"x":80.6995620727539,"y":0.7131576538085938,"z":-30.368240356445314},"rotation":{"x":-0.4117869734764099,"y":-0.11109648644924164,"z":0.05067439004778862,"w":-0.9031058549880981},"size":11.594200134277344,"orthographic":false}