{"cameraMode":{"drawMode":0,"name":"Shaded","section":"Shading Mode"},"sceneLighting":false,"audioPlay":false,"sceneViewState":{"showFog":true,"showMaterialUpdate":false,"showSkybox":false,"showFlares":true,"showImageEffects":true,"showParticleSystems":true},"in2DMode":false,"pivot":{"x":0.0,"y":1.000000238418579,"z":-1.1920928955078126e-7},"rotation":{"x":0.5331926345825195,"y":0.031705137342214587,"z":-0.020002417266368867,"w":0.8451714515686035},"size":2.2142891883850099,"orthographic":false}