{"cameraMode":{"drawMode":0,"name":"Shaded","section":"Shading Mode"},"sceneLighting":false,"audioPlay":false,"sceneViewState":{"showFog":true,"showMaterialUpdate":false,"showSkybox":false,"showFlares":true,"showImageEffects":true,"showParticleSystems":true},"in2DMode":false,"pivot":{"x":3.99967098236084,"y":4.0450215339660648,"z":-4.031327724456787},"rotation":{"x":0.5331926345825195,"y":0.031705137342214587,"z":-0.020002417266368867,"w":0.8451714515686035},"size":7.030820369720459,"orthographic":false}