{"cameraMode":{"drawMode":0,"name":"Shaded","section":"Shading Mode"},"sceneLighting":false,"audioPlay":false,"sceneViewState":{"showFog":true,"showMaterialUpdate":false,"showSkybox":false,"showFlares":true,"showImageEffects":true,"showParticleSystems":true},"in2DMode":false,"pivot":{"x":50.400001525878909,"y":0.940000057220459,"z":5.5},"rotation":{"x":0.1706072986125946,"y":0.7225541472434998,"z":-0.19206811487674714,"w":0.6418289542198181},"size":0.8660253882408142,"orthographic":false}