{"cameraMode":{"drawMode":0,"name":"Shaded","section":"Shading Mode"},"sceneLighting":false,"audioPlay":false,"sceneViewState":{"showFog":true,"showMaterialUpdate":false,"showSkybox":false,"showFlares":true,"showImageEffects":true,"showParticleSystems":true},"in2DMode":false,"pivot":{"x":11.069999694824219,"y":1.690000057220459,"z":0.0},"rotation":{"x":0.038464196026325229,"y":0.8131124973297119,"z":-0.05395503342151642,"w":0.5783987641334534},"size":2.4247448444366457,"orthographic":false}