{"cameraMode":{"drawMode":0,"name":"Shaded","section":"Shading Mode"},"sceneLighting":true,"audioPlay":false,"sceneViewState":{"showFog":true,"showMaterialUpdate":false,"showSkybox":true,"showFlares":true,"showImageEffects":true,"showParticleSystems":true},"in2DMode":false,"pivot":{"x":93.41136169433594,"y":39.55709457397461,"z":-96.51313781738281},"rotation":{"x":0.09162130206823349,"y":-0.03584591671824455,"z":0.003296269103884697,"w":0.9951497912406921},"size":19.625728607177736,"orthographic":false}