{"cameraMode":{"drawMode":0,"name":"Shaded","section":"Shading Mode"},"sceneLighting":false,"audioPlay":false,"sceneViewState":{"showFog":true,"showMaterialUpdate":false,"showSkybox":false,"showFlares":true,"showImageEffects":true,"showParticleSystems":true},"in2DMode":false,"pivot":{"x":1.75,"y":2.4589076042175295,"z":-4.683666706085205},"rotation":{"x":0.5331926345825195,"y":0.031705137342214587,"z":-0.020002417266368867,"w":0.8451714515686035},"size":4.814099311828613,"orthographic":false}