{"cameraMode":{"drawMode":0,"name":"Shaded","section":"Shading Mode"},"sceneLighting":true,"audioPlay":false,"sceneViewState":{"showFog":true,"showMaterialUpdate":false,"showSkybox":true,"showFlares":true,"showImageEffects":true,"showParticleSystems":true},"in2DMode":false,"pivot":{"x":91.53948211669922,"y":22.004213333129884,"z":-163.7894744873047},"rotation":{"x":0.5223904848098755,"y":0.07905576378107071,"z":-0.048719994723796847,"w":0.8476420640945435},"size":19.625728607177736,"orthographic":false}