{"cameraMode":{"drawMode":0,"name":"Shaded","section":"Shading Mode"},"sceneLighting":false,"audioPlay":false,"sceneViewState":{"showFog":true,"showMaterialUpdate":false,"showSkybox":false,"showFlares":true,"showImageEffects":true,"showParticleSystems":true},"in2DMode":false,"pivot":{"x":5.490779399871826,"y":0.3507382869720459,"z":-3.1229827404022219},"rotation":{"x":0.15801608562469483,"y":-0.08726996928453446,"z":0.01402110792696476,"w":0.9834797978401184},"size":1.2247449159622193,"orthographic":false}