{"cameraMode":{"drawMode":0,"name":"Shaded","section":"Shading Mode"},"sceneLighting":true,"audioPlay":false,"sceneViewState":{"showFog":true,"showMaterialUpdate":false,"showSkybox":true,"showFlares":true,"showImageEffects":true,"showParticleSystems":true},"in2DMode":false,"pivot":{"x":-3.123021125793457,"y":27.78805160522461,"z":-37.97132110595703},"rotation":{"x":0.4162563383579254,"y":-0.04146863892674446,"z":0.013730593025684357,"w":0.9095449447631836},"size":6.223561763763428,"orthographic":false}