{"cameraMode":{"drawMode":0,"name":"Shaded","section":"Shading Mode"},"sceneLighting":false,"audioPlay":false,"sceneViewState":{"showFog":true,"showMaterialUpdate":false,"showSkybox":false,"showFlares":true,"showImageEffects":true,"showParticleSystems":true},"in2DMode":false,"pivot":{"x":7.0,"y":1.989008903503418,"z":50.19669723510742},"rotation":{"x":0.4135459363460541,"y":-0.04014403745532036,"z":0.01298439223319292,"w":0.9108507633209229},"size":3.4454526901245119,"orthographic":false}