{"cameraMode":{"drawMode":0,"name":"Shaded","section":"Shading Mode"},"sceneLighting":true,"audioPlay":false,"sceneViewState":{"showFog":true,"showMaterialUpdate":false,"showSkybox":false,"showFlares":true,"showImageEffects":true,"showParticleSystems":true},"in2DMode":false,"pivot":{"x":104.75443267822266,"y":-16.912715911865236,"z":-23.977943420410158},"rotation":{"x":0.4167003333568573,"y":0.44778406620025637,"z":-0.24954216182231904,"w":0.7511359453201294},"size":24.24871063232422,"orthographic":false}