{"cameraMode":{"drawMode":0,"name":"Shaded","section":"Shading Mode"},"sceneLighting":true,"audioPlay":false,"sceneViewState":{"showFog":true,"showMaterialUpdate":false,"showSkybox":true,"showFlares":true,"showImageEffects":true,"showParticleSystems":true},"in2DMode":false,"pivot":{"x":9.499428749084473,"y":-32.24336624145508,"z":26.97696876525879},"rotation":{"x":-0.3468181788921356,"y":-0.026319025084376336,"z":0.014638595283031464,"w":-0.938841700553894},"size":40.63722229003906,"orthographic":false}