{"cameraMode":{"drawMode":0,"name":"Shaded","section":"Shading Mode"},"sceneLighting":true,"audioPlay":false,"sceneViewState":{"showFog":true,"showMaterialUpdate":false,"showSkybox":false,"showFlares":true,"showImageEffects":true,"showParticleSystems":true},"in2DMode":false,"pivot":{"x":93.49639892578125,"y":-32.23926544189453,"z":-37.44365310668945},"rotation":{"x":0.4816485047340393,"y":0.017609816044569017,"z":-0.010632995516061783,"w":0.8764797449111939},"size":24.24871063232422,"orthographic":false}