{"cameraMode":{"drawMode":0,"name":"Shaded","section":"Shading Mode"},"sceneLighting":true,"audioPlay":false,"sceneViewState":{"showFog":true,"showMaterialUpdate":false,"showSkybox":true,"showFlares":true,"showImageEffects":true,"showParticleSystems":true},"in2DMode":false,"pivot":{"x":1.5674362182617188,"y":-39.25932312011719,"z":11.845502853393555},"rotation":{"x":-0.4645434319972992,"y":0.16318745911121369,"z":-0.08182549476623535,"w":-0.8680381178855896},"size":40.63722229003906,"orthographic":false}