{"cameraMode":{"drawMode":0,"name":"Shaded","section":"Shading Mode"},"sceneLighting":false,"audioPlay":false,"sceneViewState":{"showFog":true,"showMaterialUpdate":false,"showSkybox":false,"showFlares":true,"showImageEffects":true,"showParticleSystems":true},"in2DMode":false,"pivot":{"x":29.999900817871095,"y":2.000000476837158,"z":-30.000102996826173},"rotation":{"x":-0.21638472378253938,"y":0.7088964581489563,"z":-0.2450694590806961,"w":-0.6252049803733826},"size":14.283013343811036,"orthographic":false}