{"cameraMode":{"drawMode":0,"name":"Shaded","section":"Shading Mode"},"sceneLighting":true,"audioPlay":false,"sceneViewState":{"showFog":true,"showMaterialUpdate":false,"showSkybox":true,"showFlares":true,"showImageEffects":true,"showParticleSystems":true},"in2DMode":false,"pivot":{"x":69.50636291503906,"y":-101.64292907714844,"z":124.31843566894531},"rotation":{"x":0.31651201844215395,"y":-0.13793088495731355,"z":0.04621616005897522,"w":0.9376628994941711},"size":114.77699279785156,"orthographic":false}