{"cameraMode":{"drawMode":0,"name":"Shaded","section":"Shading Mode"},"sceneLighting":true,"audioPlay":false,"sceneViewState":{"showFog":true,"showMaterialUpdate":false,"showSkybox":true,"showFlares":true,"showImageEffects":true,"showParticleSystems":true},"in2DMode":false,"pivot":{"x":-37.55351257324219,"y":-2.1612329483032228,"z":-205.0135498046875},"rotation":{"x":-0.37511199712753298,"y":-0.61365807056427,"z":0.4139847457408905,"w":-0.5586740970611572},"size":24.24871063232422,"orthographic":false}