{"cameraMode":{"drawMode":0,"name":"Shaded","section":"Shading Mode"},"sceneLighting":false,"audioPlay":false,"sceneViewState":{"showFog":true,"showMaterialUpdate":false,"showSkybox":false,"showFlares":true,"showImageEffects":true,"showParticleSystems":true},"in2DMode":false,"pivot":{"x":-22.259063720703126,"y":-79.86723327636719,"z":116.51304626464844},"rotation":{"x":-0.5063262581825256,"y":-0.020212337374687196,"z":0.012015409767627716,"w":-0.8621893525123596},"size":14.142135620117188,"orthographic":false}