{"cameraMode":{"drawMode":0,"name":"Shaded","section":"Shading Mode"},"sceneLighting":true,"audioPlay":false,"sceneViewState":{"showFog":true,"showMaterialUpdate":false,"showSkybox":false,"showFlares":true,"showImageEffects":true,"showParticleSystems":true},"in2DMode":false,"pivot":{"x":115.11991119384766,"y":-17.465167999267579,"z":-114.81632232666016},"rotation":{"x":0.6174373030662537,"y":-0.011091124266386032,"z":0.0024863965809345247,"w":0.7881414294242859},"size":17.798534393310548,"orthographic":false}