{"cameraMode":{"drawMode":0,"name":"Shaded","section":"Shading Mode"},"sceneLighting":false,"audioPlay":false,"sceneViewState":{"showFog":true,"showMaterialUpdate":false,"showSkybox":false,"showFlares":true,"showImageEffects":true,"showParticleSystems":true},"in2DMode":false,"pivot":{"x":14.640570640563965,"y":-0.2585029602050781,"z":-3.640547752380371},"rotation":{"x":-0.12323126196861267,"y":-0.7133495807647705,"z":0.12989896535873414,"w":-0.6777383089065552},"size":11.746017456054688,"orthographic":false}