{"cameraMode":{"drawMode":0,"name":"Shaded","section":"Shading Mode"},"sceneLighting":false,"audioPlay":false,"sceneViewState":{"showFog":true,"showMaterialUpdate":false,"showSkybox":false,"showFlares":true,"showImageEffects":true,"showParticleSystems":true},"in2DMode":false,"pivot":{"x":7.0359416007995609,"y":3.386345624923706,"z":53.793331146240237},"rotation":{"x":0.19193728268146516,"y":-0.7967696785926819,"z":0.30260223150253298,"w":0.48908087611198428},"size":3.4454526901245119,"orthographic":false}