{"cameraMode":{"drawMode":0,"name":"Shaded","section":"Shading Mode"},"sceneLighting":false,"audioPlay":false,"sceneViewState":{"showFog":true,"showMaterialUpdate":false,"showSkybox":false,"showFlares":true,"showImageEffects":true,"showParticleSystems":true},"in2DMode":false,"pivot":{"x":15.63362979888916,"y":-9.375188827514649,"z":30.349090576171876},"rotation":{"x":0.04516400024294853,"y":0.9499000310897827,"z":-0.20834338665008546,"w":0.23378591239452363},"size":15.35544204711914,"orthographic":false}