{"cameraMode":{"drawMode":0,"name":"Shaded","section":"Shading Mode"},"sceneLighting":true,"audioPlay":false,"sceneViewState":{"showFog":true,"showMaterialUpdate":false,"showSkybox":true,"showFlares":true,"showImageEffects":true,"showParticleSystems":true},"in2DMode":false,"pivot":{"x":198.41348266601563,"y":36.59355163574219,"z":-74.94876861572266},"rotation":{"x":-0.48261207342147829,"y":0.04408460855484009,"z":-0.02382086031138897,"w":-0.875036895275116},"size":7.071067810058594,"orthographic":false}