{"cameraMode":{"drawMode":0,"name":"Shaded","section":"Shading Mode"},"sceneLighting":true,"audioPlay":false,"sceneViewState":{"showFog":true,"showMaterialUpdate":false,"showSkybox":true,"showFlares":true,"showImageEffects":true,"showParticleSystems":true},"in2DMode":false,"pivot":{"x":82.82415771484375,"y":46.20044708251953,"z":-197.63018798828126},"rotation":{"x":0.36957964301109316,"y":0.07166071981191635,"z":-0.0300600603222847,"w":0.9269455671310425},"size":10.335375785827637,"orthographic":false}