{"cameraMode":{"drawMode":0,"name":"Shaded","section":"Shading Mode"},"sceneLighting":false,"audioPlay":false,"sceneViewState":{"showFog":true,"showMaterialUpdate":false,"showSkybox":false,"showFlares":true,"showImageEffects":true,"showParticleSystems":true},"in2DMode":false,"pivot":{"x":11.069999694824219,"y":1.690000057220459,"z":0.06556624174118042},"rotation":{"x":0.26478689908981326,"y":-0.0980658233165741,"z":0.02137129195034504,"w":0.9603255391120911},"size":1.354668378829956,"orthographic":false}