{"cameraMode":{"drawMode":0,"name":"Shaded","section":"Shading Mode"},"sceneLighting":true,"audioPlay":false,"sceneViewState":{"showFog":true,"showMaterialUpdate":false,"showSkybox":true,"showFlares":true,"showImageEffects":true,"showParticleSystems":true},"in2DMode":false,"pivot":{"x":102.0473861694336,"y":-2.4515724182128908,"z":-187.0659942626953},"rotation":{"x":-0.026122385635972024,"y":-0.8105587959289551,"z":0.5839561223983765,"w":-0.03626503422856331},"size":4.5019450187683109,"orthographic":false}