{"cameraMode":{"drawMode":0,"name":"Shaded","section":"Shading Mode"},"sceneLighting":true,"audioPlay":false,"sceneViewState":{"showFog":true,"showMaterialUpdate":false,"showSkybox":true,"showFlares":true,"showImageEffects":true,"showParticleSystems":true},"in2DMode":false,"pivot":{"x":64.93962860107422,"y":-10.43817138671875,"z":-121.9191665649414},"rotation":{"x":-0.7213780879974365,"y":-0.006615031510591507,"z":0.006944736000150442,"w":-0.6925157904624939},"size":17.62281608581543,"orthographic":false}