{"cameraMode":{"drawMode":0,"name":"Shaded","section":"Shading Mode"},"sceneLighting":false,"audioPlay":false,"sceneViewState":{"showFog":false,"showMaterialUpdate":false,"showSkybox":false,"showFlares":false,"showImageEffects":false,"showParticleSystems":true},"in2DMode":false,"pivot":{"x":0.0,"y":1.000000238418579,"z":-1.1920928955078126e-7},"rotation":{"x":0.25920355319976809,"y":0.06512156873941422,"z":-0.01755283959209919,"w":0.9634748697280884},"size":2.7950494289398195,"orthographic":false}