{"cameraMode":{"drawMode":0,"name":"Shaded","section":"Shading Mode"},"sceneLighting":false,"audioPlay":false,"sceneViewState":{"showFog":false,"showMaterialUpdate":false,"showSkybox":false,"showFlares":false,"showImageEffects":false,"showParticleSystems":true},"in2DMode":false,"pivot":{"x":1.8607803583145142,"y":3.754578113555908,"z":1.377608060836792},"rotation":{"x":0.1861325055360794,"y":0.5141457915306091,"z":-0.1154349222779274,"w":0.829278290271759},"size":3.9873805046081545,"orthographic":false}