{"cameraMode":{"drawMode":0,"name":"Shaded","section":"Shading Mode"},"sceneLighting":false,"audioPlay":false,"sceneViewState":{"showFog":false,"showMaterialUpdate":false,"showSkybox":false,"showFlares":false,"showImageEffects":false,"showParticleSystems":true},"in2DMode":false,"pivot":{"x":92.33685302734375,"y":0.27201080322265627,"z":-42.956729888916019},"rotation":{"x":0.28067073225975039,"y":0.6826767921447754,"z":-0.32376256585121157,"w":0.5919231176376343},"size":7.614378452301025,"orthographic":false}