{"cameraMode":{"drawMode":0,"name":"Shaded","section":"Shading Mode"},"sceneLighting":false,"audioPlay":false,"sceneViewState":{"showFog":false,"showMaterialUpdate":false,"showSkybox":false,"showFlares":false,"showImageEffects":false,"showParticleSystems":true},"in2DMode":false,"pivot":{"x":-5.434717655181885,"y":-2.479336738586426,"z":0.37884441018104555},"rotation":{"x":-0.19383588433265687,"y":0.6770184636116028,"z":-0.1919695883989334,"w":-0.6835460066795349},"size":6.216273784637451,"orthographic":false}