{"cameraMode":{"drawMode":0,"name":"Shaded","section":"Shading Mode"},"sceneLighting":true,"audioPlay":false,"sceneViewState":{"showFog":true,"showMaterialUpdate":false,"showSkybox":true,"showFlares":true,"showImageEffects":true,"showParticleSystems":true},"in2DMode":false,"pivot":{"x":198.0,"y":1.0670733451843262,"z":-62.20000076293945},"rotation":{"x":0.44600430130958559,"y":0.0067084915935993198,"z":-0.0033431050833314659,"w":0.8950005769729614},"size":5.5146589279174809,"orthographic":false}