{"cameraMode":{"drawMode":0,"name":"Shaded","section":"Shading Mode"},"sceneLighting":false,"audioPlay":false,"sceneViewState":{"showFog":true,"showMaterialUpdate":false,"showSkybox":false,"showFlares":true,"showImageEffects":true,"showParticleSystems":true},"in2DMode":false,"pivot":{"x":-194.587646484375,"y":591.4370727539063,"z":52.347442626953128},"rotation":{"x":-0.034798718988895419,"y":0.01408720389008522,"z":-0.0004899046034552157,"w":-0.9992972612380981},"size":264.83404541015627,"orthographic":false}