{"cameraMode":{"drawMode":0,"name":"Shaded","section":"Shading Mode"},"sceneLighting":true,"audioPlay":false,"sceneViewState":{"showFog":true,"showMaterialUpdate":false,"showSkybox":true,"showFlares":true,"showImageEffects":true,"showParticleSystems":true},"in2DMode":false,"pivot":{"x":201.2559814453125,"y":6.926351547241211,"z":-10.82896614074707},"rotation":{"x":0.09615176171064377,"y":0.013747814111411572,"z":-0.0013260350096970797,"w":0.9952743053436279},"size":237.8642578125,"orthographic":false}