{"cameraMode":{"drawMode":0,"name":"Shaded","section":"Shading Mode"},"sceneLighting":true,"audioPlay":false,"sceneViewState":{"showFog":true,"showMaterialUpdate":false,"showSkybox":true,"showFlares":true,"showImageEffects":true,"showParticleSystems":true},"in2DMode":false,"pivot":{"x":32.19465637207031,"y":12.043758392333985,"z":-258.8709716796875},"rotation":{"x":0.45960545539855959,"y":0.11295509338378906,"z":-0.059062764048576358,"w":0.8789324164390564},"size":29.187788009643556,"orthographic":false}